{
  "jax": {
    "driver_step": {
      "median": 0.4179548969999587,
      "min": 0.3445251589999998,
      "p95": 0.435271097999987
    },
    "augmented_nr": {
      "median": 267.77429441699996,
      "min": 173.26172162299986,
      "p95": 287.531275896
    },
    "fd_tangent": {
      "median": 0.08146440599989546,
      "min": 0.08078779400011626,
      "p95": 0.08237683199990897
    }
  },
  "autograd": {
    "driver_step": {
      "median": 0.005067295000117156,
      "min": 0.00440647400000671,
      "p95": 0.005589225999983682
    },
    "augmented_nr": {
      "median": 18.368550166999967,
      "min": 18.285819174999915,
      "p95": 18.61568695699998
    },
    "fd_tangent": {
      "median": 0.0018798910000441538,
      "min": 0.0017750669999259117,
      "p95": 0.0019214749997900071
    }
  }
}